<?xml version="1.0" encoding="utf-8"?>
<model xmlns="http://schemas.serviceml.org/smlif/2007/02">
<_locDefinition xmlns="urn:locstudio">
    <_locDefault _loc="locNone"/>
    <_locTag _loc="locData">DMF:Name</_locTag>
    <_locTag _loc="locData">DMF:Description</_locTag>
    <_locTag _loc="locData">DMF:Condition</_locTag>
    <_locTag _loc="locData">DMF:ObjectSet</_locTag>
    <_locTag _loc="locData">DMF:RootCondition</_locTag>
    <_locTag _loc="locData">DMF:PolicyCategory</_locTag>
    <_locTag _loc="locData">DMF:HelpText</_locTag>
</_locDefinition>
  <identity>
    <name>urn:uuid:96fe1236-abf6-4a57-b54d-e9baab394fd1</name>
    <baseURI>http://documentcollection/</baseURI>
  </identity>
  <xs:bufferSchema xmlns:xs="http://www.w3.org/2001/XMLSchema">
    <definitions xmlns:sfc="http://schemas.microsoft.com/sqlserver/sfc/serialization/2007/08">
      <document>
        <docinfo>
          <aliases>
            <alias>/system/schema/DMF</alias>
          </aliases>
          <sfc:version DomainVersion="3"/>
        </docinfo>
        <data>
          <xs:schema targetNamespace="http://schemas.microsoft.com/sqlserver/DMF/2007/08" xmlns:sfc="http://schemas.microsoft.com/sqlserver/sfc/serialization/2007/08" xmlns:sml="http://schemas.serviceml.org/sml/2007/02" xmlns:xs="http://www.w3.org/2001/XMLSchema" elementFormDefault="qualified">
            <xs:element name="Policy">
              <xs:complexType>
                <xs:sequence>
                  <xs:any namespace="http://schemas.microsoft.com/sqlserver/DMF/2007/08" processContents="skip" minOccurs="0" maxOccurs="unbounded"/>
                </xs:sequence>
              </xs:complexType>
            </xs:element>
            <xs:element name="ObjectSet">
              <xs:complexType>
                <xs:sequence>
                  <xs:any namespace="http://schemas.microsoft.com/sqlserver/DMF/2007/08" processContents="skip" minOccurs="0" maxOccurs="unbounded"/>
                </xs:sequence>
              </xs:complexType>
            </xs:element>
            <xs:element name="Condition">
              <xs:complexType>
                <xs:sequence>
                  <xs:any namespace="http://schemas.microsoft.com/sqlserver/DMF/2007/08" processContents="skip" minOccurs="0" maxOccurs="unbounded"/>
                </xs:sequence>
              </xs:complexType>
            </xs:element>
            <xs:element name="PolicyCategory">
              <xs:complexType>
                <xs:sequence>
                  <xs:any namespace="http://schemas.microsoft.com/sqlserver/DMF/2007/08" processContents="skip" minOccurs="0" maxOccurs="unbounded"/>
                </xs:sequence>
              </xs:complexType>
            </xs:element>
            <xs:element name="TargetSet">
              <xs:complexType>
                <xs:sequence>
                  <xs:any namespace="http://schemas.microsoft.com/sqlserver/DMF/2007/08" processContents="skip" minOccurs="0" maxOccurs="unbounded"/>
                </xs:sequence>
              </xs:complexType>
            </xs:element>
            <DMF:bufferData xmlns:DMF="http://schemas.microsoft.com/sqlserver/DMF/2007/08">
              <instances xmlns:sfc="http://schemas.microsoft.com/sqlserver/sfc/serialization/2007/08">
                <document>
                  <docinfo>
                    <aliases>
                      <alias>/PolicyStore/Policy/CmdExec Rights Secured</alias>
                    </aliases>
                    <sfc:version DomainVersion="3"/>
                  </docinfo>
                  <data>
                    <DMF:Policy xmlns:DMF="http://schemas.microsoft.com/sqlserver/DMF/2007/08" xmlns:sfc="http://schemas.microsoft.com/sqlserver/sfc/serialization/2007/08" xmlns:sml="http://schemas.serviceml.org/sml/2007/02" xmlns:xs="http://www.w3.org/2001/XMLSchema">
                      <DMF:Parent>
                        <sfc:Reference sml:ref="true">
                          <sml:Uri>/PolicyStore</sml:Uri>
                        </sfc:Reference>
                      </DMF:Parent>
                      <DMF:PolicyCondition>
                        <sfc:Reference sml:ref="true">
                          <sml:Uri>/PolicyStore/Condition/CmdExec Rights for sysadmins Only</sml:Uri>
                        </sfc:Reference>
                      </DMF:PolicyCondition>
                      <DMF:PolicyObjectSet>
                        <sfc:Reference sml:ref="true">
                          <sml:Uri>/PolicyStore/ObjectSet/CmdExec Rights Secured__ObjectSet</sml:Uri>
                        </sfc:Reference>
                      </DMF:PolicyObjectSet>
                      <DMF:PolicyRootCondition>
                        <sfc:Reference sml:ref="true">
                          <sml:Uri>/PolicyStore/Condition/SQL Server Version 2000</sml:Uri>
                        </sfc:Reference>
                      </DMF:PolicyRootCondition>
                      <DMF:PolicyPolicyCategory>
                        <sfc:Reference sml:ref="true">
                          <sml:Uri>/PolicyStore/PolicyCategory/Microsoft Best Practices_b Security</sml:Uri>
                        </sfc:Reference>
                      </DMF:PolicyPolicyCategory>
                      <DMF:Name type="string">CmdExec-Rechte gesichert</DMF:Name>
                      <DMF:Description type="string">Stellt sicher, dass nur Mitglieder der festen Serverrolle "sysadmins" CmdExec- und ActiveX-Skriptauftragsschritte ausführen können. Gilt nur für SQL Server 2000.</DMF:Description>
                      <DMF:Condition type="string">CmdExec-Rechte nur für Systemadministratoren</DMF:Condition>
                      <DMF:ObjectSet type="string">CmdExec Rights Secured_ObjectSet</DMF:ObjectSet>
                      <DMF:RootCondition type="string">SQL Server, Version 2000</DMF:RootCondition>
                      <DMF:PolicyCategory type="string">Microsoft Best Practices: Sicherheit</DMF:PolicyCategory>
                      <DMF:Enabled type="boolean">false</DMF:Enabled>
                      <DMF:AutomatedPolicyEvaluationMode type="AutomatedPolicyEvaluationMode">None</DMF:AutomatedPolicyEvaluationMode>
                      <DMF:HelpText type="string"/>
                      <DMF:HelpLink type="string">http://go.microsoft.com/fwlink/?LinkId=116363</DMF:HelpLink>
                      <DMF:ActiveEndDate type="dateTime">0001-01-01T00:00:00</DMF:ActiveEndDate>
                      <DMF:ActiveStartDate type="dateTime">0001-01-01T00:00:00</DMF:ActiveStartDate>
                    </DMF:Policy>
                  </data>
                </document>
                <document>
                  <docinfo>
                    <aliases>
                      <alias>/PolicyStore/ObjectSet/CmdExec Rights Secured__ObjectSet</alias>
                    </aliases>
                    <sfc:version DomainVersion="3"/>
                  </docinfo>
                  <data>
                    <DMF:ObjectSet xmlns:DMF="http://schemas.microsoft.com/sqlserver/DMF/2007/08" xmlns:sfc="http://schemas.microsoft.com/sqlserver/sfc/serialization/2007/08" xmlns:sml="http://schemas.serviceml.org/sml/2007/02" xmlns:xs="http://www.w3.org/2001/XMLSchema">
                      <DMF:TargetSets>
                        <sfc:Collection>
                          <sfc:Reference sml:ref="true">
                            <sml:Uri>/PolicyStore/ObjectSet/CmdExec Rights Secured__ObjectSet/TargetSet/Server</sml:Uri>
                          </sfc:Reference>
                        </sfc:Collection>
                      </DMF:TargetSets>
                      <DMF:Parent>
                        <sfc:Reference sml:ref="true">
                          <sml:Uri>/PolicyStore</sml:Uri>
                        </sfc:Reference>
                      </DMF:Parent>
                      <DMF:Name type="string">CmdExec Rights Secured_ObjectSet</DMF:Name>
                      <DMF:Facet type="string">IServerSecurityFacet</DMF:Facet>
                    </DMF:ObjectSet>
                  </data>
                </document>
                <document>
                  <docinfo>
                    <aliases>
                      <alias>/PolicyStore/Condition/CmdExec Rights for sysadmins Only</alias>
                    </aliases>
                    <sfc:version DomainVersion="3"/>
                  </docinfo>
                  <data>
                    <DMF:Condition xmlns:DMF="http://schemas.microsoft.com/sqlserver/DMF/2007/08" xmlns:sfc="http://schemas.microsoft.com/sqlserver/sfc/serialization/2007/08" xmlns:sml="http://schemas.serviceml.org/sml/2007/02" xmlns:xs="http://www.w3.org/2001/XMLSchema">
                      <DMF:Parent>
                        <sfc:Reference sml:ref="true">
                          <sml:Uri>/PolicyStore</sml:Uri>
                        </sfc:Reference>
                      </DMF:Parent>
                      <DMF:Expression type="string">&lt;Operator&gt;&lt;?char 13?&gt;
  &lt;TypeClass&gt;Bool&lt;/TypeClass&gt;&lt;?char 13?&gt;
  &lt;OpType&gt;EQ&lt;/OpType&gt;&lt;?char 13?&gt;
  &lt;Count&gt;2&lt;/Count&gt;&lt;?char 13?&gt;
  &lt;Attribute&gt;&lt;?char 13?&gt;
    &lt;TypeClass&gt;Bool&lt;/TypeClass&gt;&lt;?char 13?&gt;
    &lt;Name&gt;CmdExecRightsForSystemAdminsOnly&lt;/Name&gt;&lt;?char 13?&gt;
  &lt;/Attribute&gt;&lt;?char 13?&gt;
  &lt;Function&gt;&lt;?char 13?&gt;
    &lt;TypeClass&gt;Bool&lt;/TypeClass&gt;&lt;?char 13?&gt;
    &lt;FunctionType&gt;True&lt;/FunctionType&gt;&lt;?char 13?&gt;
    &lt;ReturnType&gt;Bool&lt;/ReturnType&gt;&lt;?char 13?&gt;
    &lt;Count&gt;0&lt;/Count&gt;&lt;?char 13?&gt;
  &lt;/Function&gt;&lt;?char 13?&gt;
&lt;/Operator&gt;</DMF:Expression>
                      <DMF:Name type="string">CmdExec-Rechte nur für Systemadministratoren</DMF:Name>
                      <DMF:Description type="string">Bestätigt, dass nur Mitglieder der festen Serverrolle "sysadmin" CmdExec- und ActiveX-Skriptauftragsschritte ausführen können. Gilt nur für SQL Server 2000.</DMF:Description>
                      <DMF:Facet type="string">IServerSecurityFacet</DMF:Facet>
                    </DMF:Condition>
                  </data>
                </document>
                <document>
                  <docinfo>
                    <aliases>
                      <alias>/PolicyStore/Condition/SQL Server Version 2000</alias>
                    </aliases>
                    <sfc:version DomainVersion="3"/>
                  </docinfo>
                  <data>
                    <DMF:Condition xmlns:DMF="http://schemas.microsoft.com/sqlserver/DMF/2007/08" xmlns:sfc="http://schemas.microsoft.com/sqlserver/sfc/serialization/2007/08" xmlns:sml="http://schemas.serviceml.org/sml/2007/02" xmlns:xs="http://www.w3.org/2001/XMLSchema">
                      <DMF:Parent>
                        <sfc:Reference sml:ref="true">
                          <sml:Uri>/PolicyStore</sml:Uri>
                        </sfc:Reference>
                      </DMF:Parent>
                      <DMF:Expression type="string">&lt;Operator&gt;&lt;?char 13?&gt;
  &lt;TypeClass&gt;Bool&lt;/TypeClass&gt;&lt;?char 13?&gt;
  &lt;OpType&gt;EQ&lt;/OpType&gt;&lt;?char 13?&gt;
  &lt;Count&gt;2&lt;/Count&gt;&lt;?char 13?&gt;
  &lt;Attribute&gt;&lt;?char 13?&gt;
    &lt;TypeClass&gt;Numeric&lt;/TypeClass&gt;&lt;?char 13?&gt;
    &lt;Name&gt;VersionMajor&lt;/Name&gt;&lt;?char 13?&gt;
  &lt;/Attribute&gt;&lt;?char 13?&gt;
  &lt;Constant&gt;&lt;?char 13?&gt;
    &lt;TypeClass&gt;Numeric&lt;/TypeClass&gt;&lt;?char 13?&gt;
    &lt;ObjType&gt;System.Int32&lt;/ObjType&gt;&lt;?char 13?&gt;
    &lt;Value&gt;8&lt;/Value&gt;&lt;?char 13?&gt;
  &lt;/Constant&gt;&lt;?char 13?&gt;
&lt;/Operator&gt;</DMF:Expression>
                      <DMF:Name type="string">SQL Server, Version 2000</DMF:Name>
                      <DMF:Description type="string">Bestätigt, dass es sich bei der Version um SQL Server 2000 handelt.</DMF:Description>
                      <DMF:Facet type="string">Server</DMF:Facet>
                    </DMF:Condition>
                  </data>
                </document>
                <document>
                  <docinfo>
                    <aliases>
                      <alias>/PolicyStore/PolicyCategory/Microsoft Best Practices_b Security</alias>
                    </aliases>
                    <sfc:version DomainVersion="3"/>
                  </docinfo>
                  <data>
                    <DMF:PolicyCategory xmlns:DMF="http://schemas.microsoft.com/sqlserver/DMF/2007/08" xmlns:sfc="http://schemas.microsoft.com/sqlserver/sfc/serialization/2007/08" xmlns:sml="http://schemas.serviceml.org/sml/2007/02" xmlns:xs="http://www.w3.org/2001/XMLSchema">
                      <DMF:Parent>
                        <sfc:Reference sml:ref="true">
                          <sml:Uri>/PolicyStore</sml:Uri>
                        </sfc:Reference>
                      </DMF:Parent>
                      <DMF:Name type="string">Microsoft Best Practices: Sicherheit</DMF:Name>
                    </DMF:PolicyCategory>
                  </data>
                </document>
                <document>
                  <docinfo>
                    <aliases>
                      <alias>/PolicyStore/ObjectSet/CmdExec Rights Secured__ObjectSet/TargetSet/Server</alias>
                    </aliases>
                    <sfc:version DomainVersion="3"/>
                  </docinfo>
                  <data>
                    <DMF:TargetSet xmlns:DMF="http://schemas.microsoft.com/sqlserver/DMF/2007/08" xmlns:sfc="http://schemas.microsoft.com/sqlserver/sfc/serialization/2007/08" xmlns:sml="http://schemas.serviceml.org/sml/2007/02" xmlns:xs="http://www.w3.org/2001/XMLSchema">
                      <DMF:Parent>
                        <sfc:Reference sml:ref="true">
                          <sml:Uri>/PolicyStore/ObjectSet/CmdExec Rights Secured__ObjectSet</sml:Uri>
                        </sfc:Reference>
                      </DMF:Parent>
                      <DMF:TargetTypeSkeleton type="string">Server</DMF:TargetTypeSkeleton>
                      <DMF:Enabled type="boolean">true</DMF:Enabled>
                    </DMF:TargetSet>
                  </data>
                </document>
              </instances>
            </DMF:bufferData>
          </xs:schema>
        </data>
      </document>
    </definitions>
  </xs:bufferSchema>
</model>
