<?xml version="1.0" encoding="utf-8"?>
<model xmlns="http://schemas.serviceml.org/smlif/2007/02">
  <_locDefinition xmlns="urn:locstudio">
    <_locDefault _loc="locNone"/>
    <_locTag _loc="locData">DMF:Name</_locTag>
    <_locTag _loc="locData">DMF:Description</_locTag>
    <_locTag _loc="locData">DMF:Condition</_locTag>
    <_locTag _loc="locData">DMF:ObjectSet</_locTag>
    <_locTag _loc="locData">DMF:RootCondition</_locTag>
    <_locTag _loc="locData">DMF:PolicyCategory</_locTag>
    <_locTag _loc="locData">DMF:HelpText</_locTag>
  </_locDefinition>
  <identity>
    <name>urn:uuid:96fe1236-abf6-4a57-b54d-e9baab394fd1</name>
    <baseURI>http://documentcollection/</baseURI>
  </identity>
  <xs:bufferSchema xmlns:xs="http://www.w3.org/2001/XMLSchema">
    <definitions xmlns:sfc="http://schemas.microsoft.com/sqlserver/sfc/serialization/2007/08">
      <document>
        <docinfo>
          <aliases>
            <alias>/system/schema/DMF</alias>
          </aliases>
          <sfc:version DomainVersion="3"/>
        </docinfo>
        <data>
          <xs:schema targetNamespace="http://schemas.microsoft.com/sqlserver/DMF/2007/08" xmlns:sfc="http://schemas.microsoft.com/sqlserver/sfc/serialization/2007/08" xmlns:sml="http://schemas.serviceml.org/sml/2007/02" xmlns:xs="http://www.w3.org/2001/XMLSchema" elementFormDefault="qualified">
            <xs:element name="Policy">
              <xs:complexType>
                <xs:sequence>
                  <xs:any namespace="http://schemas.microsoft.com/sqlserver/DMF/2007/08" processContents="skip" minOccurs="0" maxOccurs="unbounded"/>
                </xs:sequence>
              </xs:complexType>
            </xs:element>
            <xs:element name="ObjectSet">
              <xs:complexType>
                <xs:sequence>
                  <xs:any namespace="http://schemas.microsoft.com/sqlserver/DMF/2007/08" processContents="skip" minOccurs="0" maxOccurs="unbounded"/>
                </xs:sequence>
              </xs:complexType>
            </xs:element>
            <xs:element name="Condition">
              <xs:complexType>
                <xs:sequence>
                  <xs:any namespace="http://schemas.microsoft.com/sqlserver/DMF/2007/08" processContents="skip" minOccurs="0" maxOccurs="unbounded"/>
                </xs:sequence>
              </xs:complexType>
            </xs:element>
            <xs:element name="PolicyCategory">
              <xs:complexType>
                <xs:sequence>
                  <xs:any namespace="http://schemas.microsoft.com/sqlserver/DMF/2007/08" processContents="skip" minOccurs="0" maxOccurs="unbounded"/>
                </xs:sequence>
              </xs:complexType>
            </xs:element>
            <xs:element name="TargetSet">
              <xs:complexType>
                <xs:sequence>
                  <xs:any namespace="http://schemas.microsoft.com/sqlserver/DMF/2007/08" processContents="skip" minOccurs="0" maxOccurs="unbounded"/>
                </xs:sequence>
              </xs:complexType>
            </xs:element>
            <DMF:bufferData xmlns:DMF="http://schemas.microsoft.com/sqlserver/DMF/2007/08">
              <instances xmlns:sfc="http://schemas.microsoft.com/sqlserver/sfc/serialization/2007/08">
                <document>
                  <docinfo>
                    <aliases>
                      <alias>/PolicyStore/Policy/SQL Server Open Objects for SQL Server 2000</alias>
                    </aliases>
                    <sfc:version DomainVersion="3"/>
                  </docinfo>
                  <data>
                    <DMF:Policy xmlns:DMF="http://schemas.microsoft.com/sqlserver/DMF/2007/08" xmlns:sfc="http://schemas.microsoft.com/sqlserver/sfc/serialization/2007/08" xmlns:sml="http://schemas.serviceml.org/sml/2007/02" xmlns:xs="http://www.w3.org/2001/XMLSchema">
                      <DMF:Parent>
                        <sfc:Reference sml:ref="true">
                          <sml:Uri>/PolicyStore</sml:Uri>
                        </sfc:Reference>
                      </DMF:Parent>
                      <DMF:PolicyCondition>
                        <sfc:Reference sml:ref="true">
                          <sml:Uri>/PolicyStore/Condition/Auto-configured Open Objects</sml:Uri>
                        </sfc:Reference>
                      </DMF:PolicyCondition>
                      <DMF:PolicyObjectSet>
                        <sfc:Reference sml:ref="true">
                          <sml:Uri>/PolicyStore/ObjectSet/SQL Server Open Objects for SQL Server 2000__ObjectSet</sml:Uri>
                        </sfc:Reference>
                      </DMF:PolicyObjectSet>
                      <DMF:PolicyRootCondition>
                        <sfc:Reference sml:ref="true">
                          <sml:Uri>/PolicyStore/Condition/SQL Server Version 2000</sml:Uri>
                        </sfc:Reference>
                      </DMF:PolicyRootCondition>
                      <DMF:PolicyPolicyCategory>
                        <sfc:Reference sml:ref="true">
                          <sml:Uri>/PolicyStore/PolicyCategory/Microsoft Best Practices_b Performance</sml:Uri>
                        </sfc:Reference>
                      </DMF:PolicyPolicyCategory>
                      <DMF:Name type="string">Geöffnete SQL Server-Objekte für SQL Server 2000</DMF:Name>
                      <DMF:Description type="string">Überprüft, ob die Serveroption für geöffnete Objekte auf 0 festgelegt ist, was der optimale Wert für SQL Server 2000-Instanzen ist. Wenn Sie einen anderen Wert als 0 verwenden, kann dies zu Fehlern führen, wenn Sie SQL Server 2000 verwenden. Der Standardwert 0 sollte nicht geändert werden, es sei denn, Sie arbeiten mit Microsoft Customer Support Services (CSS) an der Lösung eines bestimmten Problems.</DMF:Description>
                      <DMF:Condition type="string">Automatisch konfigurierte geöffnete Objekte</DMF:Condition>
                      <DMF:ObjectSet type="string">SQL Server Open Objects for SQL Server 2000_ObjectSet</DMF:ObjectSet>
                      <DMF:RootCondition type="string">SQL Server, Version 2000</DMF:RootCondition>
                      <DMF:PolicyCategory type="string">Microsoft Best Practices: Leistung</DMF:PolicyCategory>
                      <DMF:Enabled type="boolean">false</DMF:Enabled>
                      <DMF:AutomatedPolicyEvaluationMode type="AutomatedPolicyEvaluationMode">None</DMF:AutomatedPolicyEvaluationMode>
                      <DMF:HelpText type="string"/>
                      <DMF:HelpLink type="string">http://go.microsoft.com/fwlink/?LinkId=116334</DMF:HelpLink>
                      <DMF:ActiveEndDate type="dateTime">0001-01-01T00:00:00</DMF:ActiveEndDate>
                      <DMF:ActiveStartDate type="dateTime">0001-01-01T00:00:00</DMF:ActiveStartDate>
                    </DMF:Policy>
                  </data>
                </document>
                <document>
                  <docinfo>
                    <aliases>
                      <alias>/PolicyStore/ObjectSet/SQL Server Open Objects for SQL Server 2000__ObjectSet</alias>
                    </aliases>
                    <sfc:version DomainVersion="3"/>
                  </docinfo>
                  <data>
                    <DMF:ObjectSet xmlns:DMF="http://schemas.microsoft.com/sqlserver/DMF/2007/08" xmlns:sfc="http://schemas.microsoft.com/sqlserver/sfc/serialization/2007/08" xmlns:sml="http://schemas.serviceml.org/sml/2007/02" xmlns:xs="http://www.w3.org/2001/XMLSchema">
                      <DMF:TargetSets>
                        <sfc:Collection>
                          <sfc:Reference sml:ref="true">
                            <sml:Uri>/PolicyStore/ObjectSet/SQL Server Open Objects for SQL Server 2000__ObjectSet/TargetSet/Server</sml:Uri>
                          </sfc:Reference>
                        </sfc:Collection>
                      </DMF:TargetSets>
                      <DMF:Parent>
                        <sfc:Reference sml:ref="true">
                          <sml:Uri>/PolicyStore</sml:Uri>
                        </sfc:Reference>
                      </DMF:Parent>
                      <DMF:Name type="string">SQL Server Open Objects for SQL Server 2000_ObjectSet</DMF:Name>
                      <DMF:Facet type="string">IServerPerformanceFacet</DMF:Facet>
                    </DMF:ObjectSet>
                  </data>
                </document>
                <document>
                  <docinfo>
                    <aliases>
                      <alias>/PolicyStore/Condition/Auto-configured Open Objects</alias>
                    </aliases>
                    <sfc:version DomainVersion="3"/>
                  </docinfo>
                  <data>
                    <DMF:Condition xmlns:DMF="http://schemas.microsoft.com/sqlserver/DMF/2007/08" xmlns:sfc="http://schemas.microsoft.com/sqlserver/sfc/serialization/2007/08" xmlns:sml="http://schemas.serviceml.org/sml/2007/02" xmlns:xs="http://www.w3.org/2001/XMLSchema">
                      <DMF:Parent>
                        <sfc:Reference sml:ref="true">
                          <sml:Uri>/PolicyStore</sml:Uri>
                        </sfc:Reference>
                      </DMF:Parent>
                      <DMF:Expression type="string">
                        &lt;Operator&gt;&lt;?char 13?&gt;
                        &lt;TypeClass&gt;Bool&lt;/TypeClass&gt;&lt;?char 13?&gt;
                        &lt;OpType&gt;EQ&lt;/OpType&gt;&lt;?char 13?&gt;
                        &lt;Count&gt;2&lt;/Count&gt;&lt;?char 13?&gt;
                        &lt;Attribute&gt;&lt;?char 13?&gt;
                        &lt;TypeClass&gt;Numeric&lt;/TypeClass&gt;&lt;?char 13?&gt;
                        &lt;Name&gt;OpenObjects&lt;/Name&gt;&lt;?char 13?&gt;
                        &lt;/Attribute&gt;&lt;?char 13?&gt;
                        &lt;Constant&gt;&lt;?char 13?&gt;
                        &lt;TypeClass&gt;Numeric&lt;/TypeClass&gt;&lt;?char 13?&gt;
                        &lt;ObjType&gt;System.Int32&lt;/ObjType&gt;&lt;?char 13?&gt;
                        &lt;Value&gt;0&lt;/Value&gt;&lt;?char 13?&gt;
                        &lt;/Constant&gt;&lt;?char 13?&gt;
                        &lt;/Operator&gt;
                      </DMF:Expression>
                      <DMF:Name type="string">Automatisch konfigurierte geöffnete Objekte</DMF:Name>
                      <DMF:Description type="string">Bestätigt, dass die Serveroption für geöffnete Objekte auf den empfohlenen Wert 0 festgelegt ist.</DMF:Description>
                      <DMF:Facet type="string">IServerPerformanceFacet</DMF:Facet>
                    </DMF:Condition>
                  </data>
                </document>
                <document>
                  <docinfo>
                    <aliases>
                      <alias>/PolicyStore/Condition/SQL Server Version 2000</alias>
                    </aliases>
                    <sfc:version DomainVersion="3"/>
                  </docinfo>
                  <data>
                    <DMF:Condition xmlns:DMF="http://schemas.microsoft.com/sqlserver/DMF/2007/08" xmlns:sfc="http://schemas.microsoft.com/sqlserver/sfc/serialization/2007/08" xmlns:sml="http://schemas.serviceml.org/sml/2007/02" xmlns:xs="http://www.w3.org/2001/XMLSchema">
                      <DMF:Parent>
                        <sfc:Reference sml:ref="true">
                          <sml:Uri>/PolicyStore</sml:Uri>
                        </sfc:Reference>
                      </DMF:Parent>
                      <DMF:Expression type="string">
                        &lt;Operator&gt;&lt;?char 13?&gt;
                        &lt;TypeClass&gt;Bool&lt;/TypeClass&gt;&lt;?char 13?&gt;
                        &lt;OpType&gt;EQ&lt;/OpType&gt;&lt;?char 13?&gt;
                        &lt;Count&gt;2&lt;/Count&gt;&lt;?char 13?&gt;
                        &lt;Attribute&gt;&lt;?char 13?&gt;
                        &lt;TypeClass&gt;Numeric&lt;/TypeClass&gt;&lt;?char 13?&gt;
                        &lt;Name&gt;VersionMajor&lt;/Name&gt;&lt;?char 13?&gt;
                        &lt;/Attribute&gt;&lt;?char 13?&gt;
                        &lt;Constant&gt;&lt;?char 13?&gt;
                        &lt;TypeClass&gt;Numeric&lt;/TypeClass&gt;&lt;?char 13?&gt;
                        &lt;ObjType&gt;System.Int32&lt;/ObjType&gt;&lt;?char 13?&gt;
                        &lt;Value&gt;8&lt;/Value&gt;&lt;?char 13?&gt;
                        &lt;/Constant&gt;&lt;?char 13?&gt;
                        &lt;/Operator&gt;
                      </DMF:Expression>
                      <DMF:Name type="string">SQL Server, Version 2000</DMF:Name>
                      <DMF:Description type="string">Bestätigt, dass es sich bei der Version um SQL Server 2000 handelt.</DMF:Description>
                      <DMF:Facet type="string">Server</DMF:Facet>
                    </DMF:Condition>
                  </data>
                </document>
                <document>
                  <docinfo>
                    <aliases>
                      <alias>/PolicyStore/PolicyCategory/Microsoft Best Practices_b Performance</alias>
                    </aliases>
                    <sfc:version DomainVersion="3"/>
                  </docinfo>
                  <data>
                    <DMF:PolicyCategory xmlns:DMF="http://schemas.microsoft.com/sqlserver/DMF/2007/08" xmlns:sfc="http://schemas.microsoft.com/sqlserver/sfc/serialization/2007/08" xmlns:sml="http://schemas.serviceml.org/sml/2007/02" xmlns:xs="http://www.w3.org/2001/XMLSchema">
                      <DMF:Parent>
                        <sfc:Reference sml:ref="true">
                          <sml:Uri>/PolicyStore</sml:Uri>
                        </sfc:Reference>
                      </DMF:Parent>
                      <DMF:Name type="string">Microsoft Best Practices: Leistung</DMF:Name>
                    </DMF:PolicyCategory>
                  </data>
                </document>
                <document>
                  <docinfo>
                    <aliases>
                      <alias>/PolicyStore/ObjectSet/SQL Server Open Objects for SQL Server 2000__ObjectSet/TargetSet/Server</alias>
                    </aliases>
                    <sfc:version DomainVersion="3"/>
                  </docinfo>
                  <data>
                    <DMF:TargetSet xmlns:DMF="http://schemas.microsoft.com/sqlserver/DMF/2007/08" xmlns:sfc="http://schemas.microsoft.com/sqlserver/sfc/serialization/2007/08" xmlns:sml="http://schemas.serviceml.org/sml/2007/02" xmlns:xs="http://www.w3.org/2001/XMLSchema">
                      <DMF:Parent>
                        <sfc:Reference sml:ref="true">
                          <sml:Uri>/PolicyStore/ObjectSet/SQL Server Open Objects for SQL Server 2000__ObjectSet</sml:Uri>
                        </sfc:Reference>
                      </DMF:Parent>
                      <DMF:TargetTypeSkeleton type="string">Server</DMF:TargetTypeSkeleton>
                      <DMF:Enabled type="boolean">true</DMF:Enabled>
                    </DMF:TargetSet>
                  </data>
                </document>
              </instances>
            </DMF:bufferData>
          </xs:schema>
        </data>
      </document>
    </definitions>
  </xs:bufferSchema>
</model>
