<?xml version="1.0" encoding="utf-8"?>
<model xmlns="http://schemas.serviceml.org/smlif/2007/02">
  <_locDefinition xmlns="urn:locstudio">
    <_locDefault _loc="locNone"/>
    <_locTag _loc="locData">DMF:Name</_locTag>
    <_locTag _loc="locData">DMF:Description</_locTag>
    <_locTag _loc="locData">DMF:Condition</_locTag>
    <_locTag _loc="locData">DMF:ObjectSet</_locTag>
    <_locTag _loc="locData">DMF:RootCondition</_locTag>
    <_locTag _loc="locData">DMF:PolicyCategory</_locTag>
    <_locTag _loc="locData">DMF:HelpText</_locTag>
  </_locDefinition>
  <identity>
    <name>urn:uuid:96fe1236-abf6-4a57-b54d-e9baab394fd1</name>
    <baseURI>http://documentcollection/</baseURI>
  </identity>
  <xs:bufferSchema xmlns:xs="http://www.w3.org/2001/XMLSchema">
    <definitions xmlns:sfc="http://schemas.microsoft.com/sqlserver/sfc/serialization/2007/08">
      <document>
        <docinfo>
          <aliases>
            <alias>/system/schema/DMF</alias>
          </aliases>
          <sfc:version DomainVersion="3"/>
        </docinfo>
        <data>
          <xs:schema targetNamespace="http://schemas.microsoft.com/sqlserver/DMF/2007/08" xmlns:sfc="http://schemas.microsoft.com/sqlserver/sfc/serialization/2007/08" xmlns:sml="http://schemas.serviceml.org/sml/2007/02" xmlns:xs="http://www.w3.org/2001/XMLSchema" elementFormDefault="qualified">
            <xs:element name="Policy">
              <xs:complexType>
                <xs:sequence>
                  <xs:any namespace="http://schemas.microsoft.com/sqlserver/DMF/2007/08" processContents="skip" minOccurs="0" maxOccurs="unbounded"/>
                </xs:sequence>
              </xs:complexType>
            </xs:element>
            <xs:element name="ObjectSet">
              <xs:complexType>
                <xs:sequence>
                  <xs:any namespace="http://schemas.microsoft.com/sqlserver/DMF/2007/08" processContents="skip" minOccurs="0" maxOccurs="unbounded"/>
                </xs:sequence>
              </xs:complexType>
            </xs:element>
            <xs:element name="Condition">
              <xs:complexType>
                <xs:sequence>
                  <xs:any namespace="http://schemas.microsoft.com/sqlserver/DMF/2007/08" processContents="skip" minOccurs="0" maxOccurs="unbounded"/>
                </xs:sequence>
              </xs:complexType>
            </xs:element>
            <xs:element name="PolicyCategory">
              <xs:complexType>
                <xs:sequence>
                  <xs:any namespace="http://schemas.microsoft.com/sqlserver/DMF/2007/08" processContents="skip" minOccurs="0" maxOccurs="unbounded"/>
                </xs:sequence>
              </xs:complexType>
            </xs:element>
            <xs:element name="TargetSet">
              <xs:complexType>
                <xs:sequence>
                  <xs:any namespace="http://schemas.microsoft.com/sqlserver/DMF/2007/08" processContents="skip" minOccurs="0" maxOccurs="unbounded"/>
                </xs:sequence>
              </xs:complexType>
            </xs:element>
            <DMF:bufferData xmlns:DMF="http://schemas.microsoft.com/sqlserver/DMF/2007/08">
              <instances xmlns:sfc="http://schemas.microsoft.com/sqlserver/sfc/serialization/2007/08">
                <document>
                  <docinfo>
                    <aliases>
                      <alias>/PolicyStore/Policy/SQL Server Network Packet Size</alias>
                    </aliases>
                    <sfc:version DomainVersion="3"/>
                  </docinfo>
                  <data>
                    <DMF:Policy xmlns:DMF="http://schemas.microsoft.com/sqlserver/DMF/2007/08" xmlns:sfc="http://schemas.microsoft.com/sqlserver/sfc/serialization/2007/08" xmlns:sml="http://schemas.serviceml.org/sml/2007/02" xmlns:xs="http://www.w3.org/2001/XMLSchema">
                      <DMF:Parent>
                        <sfc:Reference sml:ref="true">
                          <sml:Uri>/PolicyStore</sml:Uri>
                        </sfc:Reference>
                      </DMF:Parent>
                      <DMF:PolicyCondition>
                        <sfc:Reference sml:ref="true">
                          <sml:Uri>/PolicyStore/Condition/Network Packet Size Optimized</sml:Uri>
                        </sfc:Reference>
                      </DMF:PolicyCondition>
                      <DMF:PolicyObjectSet>
                        <sfc:Reference sml:ref="true">
                          <sml:Uri>/PolicyStore/ObjectSet/SQL Server Network Packet Size__ObjectSet</sml:Uri>
                        </sfc:Reference>
                      </DMF:PolicyObjectSet>
                      <DMF:PolicyPolicyCategory>
                        <sfc:Reference sml:ref="true">
                          <sml:Uri>/PolicyStore/PolicyCategory/Microsoft Best Practices_b Performance</sml:Uri>
                        </sfc:Reference>
                      </DMF:PolicyPolicyCategory>
                      <DMF:Name type="string">SQL Server-Netzwerkpaketgröße</DMF:Name>
                      <DMF:Description type="string">Überprüft, ob der Wert, der für die Serveroption der Netzwerkpaketgröße angegeben ist, auf den optimalen Wert von 8060 Bytes festgelegt ist. Wenn die Netzwerkpaketgröße eines angemeldeten Benutzers mehr als 8060 Bytes beträgt, führt SQL Server unterschiedliche Speicherbelegungsvorgänge aus. Dies kann zu einem Anstieg des virtuellen Adressraums führen, der nicht für den Pufferpool reserviert ist.</DMF:Description>
                      <DMF:Condition type="string">Optimierte Netzwerkpaketgröße</DMF:Condition>
                      <DMF:ObjectSet type="string">SQL Server Network Packet Size_ObjectSet</DMF:ObjectSet>
                      <DMF:PolicyCategory type="string">Microsoft Best Practices: Leistung</DMF:PolicyCategory>
                      <DMF:Enabled type="boolean">false</DMF:Enabled>
                      <DMF:AutomatedPolicyEvaluationMode type="AutomatedPolicyEvaluationMode">None</DMF:AutomatedPolicyEvaluationMode>
                      <DMF:HelpText type="string"/>
                      <DMF:HelpLink type="string">http://go.microsoft.com/fwlink/?LinkId=116360</DMF:HelpLink>
                      <DMF:ActiveEndDate type="dateTime">0001-01-01T00:00:00</DMF:ActiveEndDate>
                      <DMF:ActiveStartDate type="dateTime">0001-01-01T00:00:00</DMF:ActiveStartDate>
                    </DMF:Policy>
                  </data>
                </document>
                <document>
                  <docinfo>
                    <aliases>
                      <alias>/PolicyStore/ObjectSet/SQL Server Network Packet Size__ObjectSet</alias>
                    </aliases>
                    <sfc:version DomainVersion="3"/>
                  </docinfo>
                  <data>
                    <DMF:ObjectSet xmlns:DMF="http://schemas.microsoft.com/sqlserver/DMF/2007/08" xmlns:sfc="http://schemas.microsoft.com/sqlserver/sfc/serialization/2007/08" xmlns:sml="http://schemas.serviceml.org/sml/2007/02" xmlns:xs="http://www.w3.org/2001/XMLSchema">
                      <DMF:TargetSets>
                        <sfc:Collection>
                          <sfc:Reference sml:ref="true">
                            <sml:Uri>/PolicyStore/ObjectSet/SQL Server Network Packet Size__ObjectSet/TargetSet/Server</sml:Uri>
                          </sfc:Reference>
                        </sfc:Collection>
                      </DMF:TargetSets>
                      <DMF:Parent>
                        <sfc:Reference sml:ref="true">
                          <sml:Uri>/PolicyStore</sml:Uri>
                        </sfc:Reference>
                      </DMF:Parent>
                      <DMF:Name type="string">SQL Server Network Packet Size_ObjectSet</DMF:Name>
                      <DMF:Facet type="string">IServerPerformanceFacet</DMF:Facet>
                    </DMF:ObjectSet>
                  </data>
                </document>
                <document>
                  <docinfo>
                    <aliases>
                      <alias>/PolicyStore/Condition/Network Packet Size Optimized</alias>
                    </aliases>
                    <sfc:version DomainVersion="3"/>
                  </docinfo>
                  <data>
                    <DMF:Condition xmlns:DMF="http://schemas.microsoft.com/sqlserver/DMF/2007/08" xmlns:sfc="http://schemas.microsoft.com/sqlserver/sfc/serialization/2007/08" xmlns:sml="http://schemas.serviceml.org/sml/2007/02" xmlns:xs="http://www.w3.org/2001/XMLSchema">
                      <DMF:Parent>
                        <sfc:Reference sml:ref="true">
                          <sml:Uri>/PolicyStore</sml:Uri>
                        </sfc:Reference>
                      </DMF:Parent>
                      <DMF:Expression type="string">
                        &lt;Operator&gt;&lt;?char 13?&gt;
                        &lt;TypeClass&gt;Bool&lt;/TypeClass&gt;&lt;?char 13?&gt;
                        &lt;OpType&gt;LE&lt;/OpType&gt;&lt;?char 13?&gt;
                        &lt;Count&gt;2&lt;/Count&gt;&lt;?char 13?&gt;
                        &lt;Attribute&gt;&lt;?char 13?&gt;
                        &lt;TypeClass&gt;Numeric&lt;/TypeClass&gt;&lt;?char 13?&gt;
                        &lt;Name&gt;NetworkPacketSize&lt;/Name&gt;&lt;?char 13?&gt;
                        &lt;/Attribute&gt;&lt;?char 13?&gt;
                        &lt;Constant&gt;&lt;?char 13?&gt;
                        &lt;TypeClass&gt;Numeric&lt;/TypeClass&gt;&lt;?char 13?&gt;
                        &lt;ObjType&gt;System.Int32&lt;/ObjType&gt;&lt;?char 13?&gt;
                        &lt;Value&gt;8060&lt;/Value&gt;&lt;?char 13?&gt;
                        &lt;/Constant&gt;&lt;?char 13?&gt;
                        &lt;/Operator&gt;
                      </DMF:Expression>
                      <DMF:Name type="string">Optimierte Netzwerkpaketgröße</DMF:Name>
                      <DMF:Description type="string">Bestätigt, dass der Wert, der für die Serveroption der Netzwerkpaketgröße angegeben ist, 8060 Bytes nicht überschreitet.</DMF:Description>
                      <DMF:Facet type="string">IServerPerformanceFacet</DMF:Facet>
                    </DMF:Condition>
                  </data>
                </document>
                <document>
                  <docinfo>
                    <aliases>
                      <alias>/PolicyStore/PolicyCategory/Microsoft Best Practices_b Performance</alias>
                    </aliases>
                    <sfc:version DomainVersion="3"/>
                  </docinfo>
                  <data>
                    <DMF:PolicyCategory xmlns:DMF="http://schemas.microsoft.com/sqlserver/DMF/2007/08" xmlns:sfc="http://schemas.microsoft.com/sqlserver/sfc/serialization/2007/08" xmlns:sml="http://schemas.serviceml.org/sml/2007/02" xmlns:xs="http://www.w3.org/2001/XMLSchema">
                      <DMF:Parent>
                        <sfc:Reference sml:ref="true">
                          <sml:Uri>/PolicyStore</sml:Uri>
                        </sfc:Reference>
                      </DMF:Parent>
                      <DMF:Name type="string">Microsoft Best Practices: Leistung</DMF:Name>
                    </DMF:PolicyCategory>
                  </data>
                </document>
                <document>
                  <docinfo>
                    <aliases>
                      <alias>/PolicyStore/ObjectSet/SQL Server Network Packet Size__ObjectSet/TargetSet/Server</alias>
                    </aliases>
                    <sfc:version DomainVersion="3"/>
                  </docinfo>
                  <data>
                    <DMF:TargetSet xmlns:DMF="http://schemas.microsoft.com/sqlserver/DMF/2007/08" xmlns:sfc="http://schemas.microsoft.com/sqlserver/sfc/serialization/2007/08" xmlns:sml="http://schemas.serviceml.org/sml/2007/02" xmlns:xs="http://www.w3.org/2001/XMLSchema">
                      <DMF:Parent>
                        <sfc:Reference sml:ref="true">
                          <sml:Uri>/PolicyStore/ObjectSet/SQL Server Network Packet Size__ObjectSet</sml:Uri>
                        </sfc:Reference>
                      </DMF:Parent>
                      <DMF:TargetTypeSkeleton type="string">Server</DMF:TargetTypeSkeleton>
                      <DMF:Enabled type="boolean">true</DMF:Enabled>
                    </DMF:TargetSet>
                  </data>
                </document>
              </instances>
            </DMF:bufferData>
          </xs:schema>
        </data>
      </document>
    </definitions>
  </xs:bufferSchema>
</model>
